,Size,average,third_qnt,first_qnt
0,50,0.15630648262699393,0.17274148064126263,0.14792412506392913
1,150,0.7403103455172473,1.0,0.37684608725217644
2,250,1.0,1.0,1.0
3,350,1.0,1.0,1.0
4,450,1.0,1.0,1.0
5,550,1.0,1.0,1.0
6,650,1.0,1.0,1.0
7,750,1.0,1.0,1.0
8,850,1.0,1.0,1.0
9,950,1.0,1.0,1.0
