,Size,average,third_qnt,first_qnt
0,50,0.016164945800185793,0.01858584836159305,0.01736884461835997
1,150,0.6257507448450838,1.0,0.06966241848186838
2,250,1.0,1.0,1.0
3,350,1.0,1.0,1.0
4,450,1.0,1.0,1.0
5,550,1.0,1.0,1.0
6,650,1.0,1.0,1.0
7,750,1.0,1.0,1.0
8,850,1.0,1.0,1.0
9,950,1.0,1.0,1.0
